Silhouette,NMI,ARI,Purity,n_clusters,Method
0.050043076276779175,0.003007156411694459,0.0077524171754011955,0.5742834073475979,2,PCA + K-Means
0.024861307814717293,0.0027846289732939176,0.007035643710835803,0.5742834073475979,2,Spectral + K-Means
0.08740154653787613,0.0006653427828256971,0.00014196950800137638,0.5742834073475979,2,VAE + K-Means
0.1323584020137787,5.014139206230023e-06,-5.6429171231965826e-05,0.5742834073475979,2,Autoencoder + K-Means
0.01792069897055626,6.032608240522453e-05,-0.00014766231562284428,0.5742834073475979,2,CVAE + K-Means
0.019026238471269608,4.6185208720859554e-06,-0.0002076176842383304,0.5742834073475979,2,Beta-VAE + K-Means
0.09567235119414422,0.033272747205487126,-0.00992015729636516,0.5742834073475979,2,Multi-Modal (CVAE+Text+Artist)
